{"cameraMode":{"drawMode":0,"name":"Shaded","section":"Shading Mode"},"sceneLighting":true,"audioPlay":false,"sceneViewState":{"showFog":true,"showMaterialUpdate":false,"showSkybox":true,"showFlares":true,"showImageEffects":true,"showParticleSystems":true},"in2DMode":false,"pivot":{"x":192.16734313964845,"y":288.9466857910156,"z":-45.27165222167969},"rotation":{"x":0.32631078362464907,"y":2.8912496841115855e-9,"z":3.5075062854161844e-9,"w":0.9452625513076782},"size":89.30841827392578,"orthographic":false}