{"cameraMode":{"drawMode":0,"name":"Shaded","section":"Shading Mode"},"sceneLighting":true,"audioPlay":false,"sceneViewState":{"showFog":true,"showMaterialUpdate":false,"showSkybox":true,"showFlares":true,"showImageEffects":true,"showParticleSystems":true},"in2DMode":false,"pivot":{"x":-2.3641281127929689,"y":15.780460357666016,"z":-12.705238342285157},"rotation":{"x":0.3480772078037262,"y":-0.39516153931617739,"z":0.16493213176727296,"w":0.8339586853981018},"size":22.0,"orthographic":true}